{
    "AMZN": {
        "lstm": 235.1796047788257,
        "arima": 234.33344058507456,
        "prophet": 234.7122720398882,
        "actual": 239.16000366210938,
        "sentiment": -0.2671543574333191
    },
    "AAPL": {
        "lstm": 251.8306098791727,
        "arima": 249.11612212512992,
        "prophet": 282.48646518448703,
        "actual": 247.80812072753906,
        "sentiment": -0.36385661125183105
    },
    "TSLA": {
        "lstm": 434.4896247147308,
        "arima": 449.0000487679472,
        "prophet": 477.99356273402844,
        "actual": 449.05999755859375,
        "sentiment": -0.4435634422302246
    },
    "GOOGl": {
        "lstm": 305.4256780064479,
        "arima": 313.73953518794934,
        "prophet": 323.7921829860778,
        "actual": 314.0899963378906
    },
    "MSFT": {
        "lstm": 484.06194805714404,
        "arima": 486.5829134343781,
        "prophet": 490.37394595469925,
        "actual": 488.0199890136719
    },
    "ROST": {
        "lstm": 181.8995209416189,
        "arima": 180.51040830055643,
        "prophet": 177.49011542435997,
        "actual": 181.67999267578125
    },
    "CAT": {
        "lstm": 572.2556132219252,
        "arima": 580.9865587096607,
        "prophet": 606.5995935963253,
        "actual": 582.3973999023438
    },
    "JPM": {
        "lstm": 316.46576049845135,
        "arima": 324.4280394804353,
        "prophet": 315.70225349725615,
        "actual": 327.6918640136719
    },
    "NVDA": {
        "lstm": 179.22398128707573,
        "arima": 188.48271409067777,
        "prophet": 189.8471692816612,
        "actual": 188.61000061035156
    }
}