{
    "AMZN": {
        "lstm": 227.07396172867902,
        "arima": 231.60898047558797,
        "prophet": 231.06757188601154,
        "actual": 232.3800048828125,
        "sentiment": -0.6169087531590702
    },
    "AAPL": {
        "lstm": 272.4341608008335,
        "arima": 272.30348234746464,
        "prophet": 287.50146916070236,
        "actual": 273.80999755859375
    },
    "TSLA": {
        "lstm": 480.340396986453,
        "arima": 484.0809355414239,
        "prophet": 472.3753069986136,
        "actual": 485.3999938964844,
        "sentiment": -0.4877615922689438
    },
    "GOOGl": {
        "lstm": 305.4256780064479,
        "arima": 313.73953518794934,
        "prophet": 323.7921829860778,
        "actual": 314.0899963378906
    },
    "MSFT": {
        "lstm": 484.06194805714404,
        "arima": 486.5829134343781,
        "prophet": 490.37394595469925,
        "actual": 488.0199890136719
    },
    "ROST": {
        "lstm": 181.8995209416189,
        "arima": 180.51040830055643,
        "prophet": 177.49011542435997,
        "actual": 181.67999267578125
    },
    "CAT": {
        "lstm": 572.2556132219252,
        "arima": 580.9865587096607,
        "prophet": 606.5995935963253,
        "actual": 582.3973999023438
    },
    "JPM": {
        "lstm": 316.46576049845135,
        "arima": 324.4280394804353,
        "prophet": 315.70225349725615,
        "actual": 327.6918640136719
    },
    "NVDA": {
        "lstm": 179.22398128707573,
        "arima": 188.48271409067777,
        "prophet": 189.8471692816612,
        "actual": 188.61000061035156
    }
}